epoch,train_loss,val_loss,train_acc,val_acc,train_auc,val_auc,val_sens,val_spec,val_f1,lr,time_sec
1,0.5109,0.2682,0.7505,0.8603,0.8079,0.9592,0.9485,0.7312,0.8897,9.939057285945933e-05,76.7
2,0.4014,0.2642,0.8224,0.9039,0.893,0.9726,0.9485,0.8387,0.9214,9.757729755661012e-05,75.1
3,0.3248,0.2698,0.8738,0.8821,0.9326,0.9714,0.9926,0.7204,0.9091,9.460482294732422e-05,74.4
4,0.2799,0.2061,0.8776,0.9039,0.9507,0.9763,0.9706,0.8065,0.9231,9.054634122155992e-05,82.1
5,0.2471,0.1869,0.9,0.917,0.9642,0.9775,0.9412,0.8817,0.9309,8.550178566873411e-05,75.9
6,0.1869,0.2016,0.928,0.9214,0.9787,0.9728,0.9559,0.871,0.9353,7.959536998847744e-05,73.5
7,0.1907,0.239,0.929,0.9301,0.9781,0.9632,0.9485,0.9032,0.9416,7.297252973710758e-05,69.5
8,0.1565,0.2029,0.9318,0.9301,0.9839,0.9739,0.9706,0.871,0.9429,6.579634122155991e-05,69.3
9,0.1126,0.2538,0.9626,0.9301,0.9921,0.9785,0.9779,0.8602,0.9433,5.824350601949144e-05,83.9
10,0.0869,0.1996,0.9692,0.9258,0.9957,0.9792,0.9632,0.871,0.9391,5.050000000000001e-05,92.2
11,0.0724,0.2526,0.9738,0.9214,0.9973,0.9748,0.9632,0.8602,0.9357,4.275649398050859e-05,97.1
12,0.0509,0.2187,0.9832,0.9345,0.9987,0.9812,0.9632,0.8925,0.9458,3.520365877844011e-05,101.0
13,0.0397,0.2022,0.9869,0.9301,0.9993,0.9812,0.9485,0.9032,0.9416,2.8027470262892444e-05,99.6
14,0.0353,0.2197,0.9907,0.9258,0.9994,0.9792,0.9706,0.8602,0.9395,2.1404630011522593e-05,98.2
15,0.0371,0.2374,0.9879,0.9258,0.9992,0.9793,0.9632,0.871,0.9391,1.5498214331265904e-05,88.8
16,0.0266,0.2081,0.9935,0.9214,0.9997,0.9824,0.9412,0.8925,0.9343,1.0453658778440109e-05,86.3
17,0.038,0.1967,0.985,0.9214,0.9992,0.984,0.9485,0.8817,0.9348,6.395177052675796e-06,88.4
18,0.025,0.2105,0.9935,0.9258,0.9997,0.9797,0.9632,0.871,0.9391,3.422702443389901e-06,84.7
19,0.0168,0.2289,0.9953,0.9301,1.0,0.981,0.9706,0.871,0.9429,1.6094271405406863e-06,86.3
20,0.0204,0.2228,0.9944,0.9301,0.9998,0.9807,0.9706,0.871,0.9429,1.0000000000000002e-06,86.8
